<?xml version="1.0"?> 
 <extension>
    <name>PLUGIN_MAJORDOMO_MODULE_NAME</name> 
    <creator>Agaphonov Dmitri</creator> 
    <defaultState>enabled</defaultState> 
    <description>PLUGIN_MAJORDOMO_DESCRIPTION</description> 
    <email>skysilver.da@gmail.com</email> 
    <homepageURL>https://github.com/skysilver-lab/MajorDoMo-LMS-Connect</homepageURL> 
	<icon>plugins/MajorDoMo/html/images/MajorDoMo.png</icon>
    <module>Plugins::MajorDoMo::Plugin</module> 
	<targetApplication>
		<id>Logitech Media Server</id> 
		<maxVersion>*</maxVersion> 
		<minVersion>7.7</minVersion> 
	</targetApplication>
    <type>2</type> 
    <version>0.2.0</version> 
 </extension>